{
    "drons": 0,
    "dronStorage": 0,
    "dronSpeed": 0.0,
    "buildings": [
        {
            "buildingType": 2,
            "quantity": 2.0,
            "rate": 2.0,
            "storageBool": false,
            "storage": [],
            "maxStorage": 100.0,
            "parentName": "MainBase0",
            "parentPosition": {
                "x": 24.5,
                "y": 6.77531623840332,
                "z": 48.5
            },
            "setDrons": [],
            "id": 0
        }
    ],
    "cameraPosition": {
        "x": 24.5,
        "y": 7.775315761566162,
        "z": 48.5
    },
    "cameraRotation": {
        "x": 0.0,
        "y": -0.42233872413635256,
        "z": 0.0,
        "w": 0.9064381122589111
    },
    "zoom": {
        "x": 0.0,
        "y": 1.9999991655349732,
        "z": -1.9999991655349732
    }
}